Rank,Club,Country,Level,Elo,From,To
1,Man City,ENG,1,2021.80493164,2022-02-27,2022-03-05
2,Liverpool,ENG,1,2019.58044434,2022-02-27,2022-03-05
3,Bayern,GER,1,1996.04699707,2022-02-27,2022-03-05
4,Chelsea,ENG,1,1943.13720703,2022-02-25,2022-03-05
5,Real Madrid,ESP,1,1939.49780273,2022-02-27,2022-03-05
6,Paris SG,FRA,1,1911.74243164,2022-02-28,2022-03-05
7,Ajax,NED,1,1896.18908691,2022-02-28,2022-03-06
8,Man United,ENG,1,1880.33569336,2022-02-27,2022-03-06
9,Arsenal,ENG,1,1876.43457031,2022-02-25,2022-03-06
10,Barcelona,ESP,1,1872.76281738,2022-02-28,2022-03-06
11,Inter,ITA,1,1844.30236816,2022-02-26,2022-03-04
12,Sevilla,ESP,1,1843.42883301,2022-02-28,2022-03-04
13,Atletico,ESP,1,1838.38598633,2022-02-27,2022-03-06
14,Porto,POR,1,1828.36914062,2022-02-28,2022-03-06
15,Juventus,ITA,1,1828.13183594,2022-02-27,2022-03-06
16,Villarreal,ESP,1,1823.29321289,2022-02-28,2022-03-05
17,West Ham,ENG,1,1816.60375977,2022-02-28,2022-03-05
18,RB Leipzig,GER,1,1811.34558105,2022-02-28,2022-03-05
19,Tottenham,ENG,1,1804.94934082,2022-02-28,2022-03-07
20,Dortmund,GER,1,1801.59106445,2022-02-28,2022-03-08
21,Atalanta,ITA,1,1794.09545898,2022-03-01,2022-03-05
22,Milan,ITA,1,1787.18762207,2022-02-26,2022-03-05
23,Napoli,ITA,1,1786.45080566,2022-02-28,2022-03-05
24,Wolves,ENG,1,1780.12390137,2022-02-28,2022-03-05
25,Leverkusen,GER,1,1778.05249023,2022-02-27,2022-03-05
26,Salzburg,AUT,1,1771.66491699,2022-02-25,2022-03-01
27,Leicester,ENG,1,1761.24060059,2022-02-25,2022-03-01
28,Betis,ESP,1,1755.99243164,2022-02-28,2022-03-05
29,Benfica,POR,1,1754.9810791,2022-02-28,2022-03-05
30,Southampton,ENG,1,1752.11633301,2022-02-27,2022-03-05
31,Sporting,POR,1,1751.40405273,2022-02-28,2022-03-05
32,Lille,FRA,1,1750.88000488,2022-02-28,2022-03-06
33,PSV,NED,1,1747.60498047,2022-02-28,2022-03-04
34,Lyon,FRA,1,1743.2878418,2022-02-28,2022-03-04
35,Aston Villa,ENG,1,1740.70422363,2022-02-27,2022-03-05
36,Sociedad,ESP,1,1725.21044922,2022-02-28,2022-03-02
37,Bilbao,ESP,1,1724.69848633,2022-02-28,2022-03-05
38,Crystal Palace,ENG,1,1724.31335449,2022-02-27,2022-03-05
39,Brighton,ENG,1,1719.9230957,2022-02-27,2022-03-05
40,Burnley,ENG,1,1718.51501465,2022-02-28,2022-03-01
41,Hoffenheim,GER,1,1716.97998047,2022-02-28,2022-03-01
42,Newcastle,ENG,1,1715.75805664,2022-02-28,2022-03-01
43,Monaco,FRA,1,1715.25878906,2022-02-28,2022-03-01
44,Freiburg,GER,1,1714.15490723,2022-02-28,2022-03-01
45,Rennes,FRA,1,1713.59362793,2022-02-28,2022-03-01
46,Celta,ESP,1,1710.77172852,2022-02-28,2022-03-01
47,Frankfurt,GER,1,1709.2701416,2022-02-28,2022-03-01
48,Feyenoord,NED,1,1709.12902832,2022-02-28,2022-03-01
49,Roma,ITA,1,1708.03796387,2022-02-28,2022-03-01
50,Lazio,ITA,1,1703.11450195,2022-02-28,2022-03-05
51,Leeds,ENG,1,1702.24902344,2022-02-27,2022-03-05
52,Everton,ENG,1,1701.6875,2022-02-27,2022-03-05
53,Alkmaar,NED,1,1701.15991211,2022-02-28,2022-03-05
54,Marseille,FRA,1,1695.24511719,2022-02-28,2022-03-05
55,Valencia,ESP,1,1694.28833008,2022-02-28,2022-03-05
56,Union Berlin,GER,1,1679.98718262,2022-02-27,2022-03-05
57,Nice,FRA,1,1678.42578125,2022-02-27,2022-03-03
58,Crvena Zvezda,SRB,1,1676.5625,2022-02-28,2022-03-03
59,Young Boys,SUI,1,1675.52075195,2022-02-28,2022-03-01
60,Mainz,GER,1,1674.69787598,2022-02-28,2022-03-01
61,Slavia Praha,CZE,1,1674.1204834,2022-02-28,2022-03-01
62,Olympiakos,GRE,1,1673.12133789,2022-02-28,2022-03-01
63,Gladbach,GER,1,1672.98522949,2022-02-28,2022-03-01
64,Fulham,ENG,2,1672.16674805,2022-02-28,2022-03-01
65,Strasbourg,FRA,1,1668.09448242,2022-02-28,2022-03-01
66,Osasuna,ESP,1,1667.90881348,2022-02-28,2022-03-01
67,Shakhtar,UKR,1,1666.31530762,2022-02-24,2022-03-01
68,Zenit,RUS,1,1663.99609375,2022-03-01,2022-03-01
69,Wolfsburg,GER,1,1663.48083496,2022-03-01,2022-03-01
70,Sassuolo,ITA,1,1660.16308594,2022-02-28,2022-03-05
71,Getafe,ESP,1,1659.22546387,2022-02-28,2022-03-05
72,Rangers,SCO,1,1653.2767334,2022-02-28,2022-03-02
73,Koeln,GER,1,1650.31774902,2022-02-27,2022-03-06
74,Brentford,ENG,1,1647.66882324,2022-02-28,2022-03-05
75,Nantes,FRA,1,1646.9552002,2022-02-28,2022-03-05
76,Eibar,ESP,2,1643.08618164,2022-02-28,2022-03-05
77,Fiorentina,ITA,1,1640.87280273,2022-02-27,2022-03-05
78,Espanyol,ESP,1,1638.63562012,2022-02-28,2022-03-05
79,Montpellier,FRA,1,1638.16552734,2022-02-26,2022-03-06
80,Dynamo Kyiv,UKR,1,1635.98864746,2022-03-01,2022-03-06
81,Bodoe Glimt,NOR,1,1635.39550781,2022-03-01,2022-03-06
82,Granada,ESP,1,1633.09460449,2022-03-01,2022-03-05
83,Watford,ENG,1,1632.83203125,2022-03-01,2022-03-05
84,Braga,POR,1,1631.37414551,2022-03-01,2022-03-05
85,Verona,ITA,1,1630.84326172,2022-02-28,2022-03-05
86,Lens,FRA,1,1630.47253418,2022-02-28,2022-03-05
87,Dinamo Zagreb,CRO,1,1621.54248047,2022-02-28,2022-03-05
88,Bournemouth,ENG,2,1620.328125,2022-02-27,2022-03-05
89,Norwich,ENG,1,1619.47839355,2022-02-26,2022-03-05
90,Bielefeld,GER,1,1617.83459473,2022-02-27,2022-03-04
91,Reims,FRA,1,1617.10791016,2022-02-28,2022-03-04
92,Rayo Vallecano,ESP,1,1616.42956543,2022-02-28,2022-03-04
93,Elche,ESP,1,1615.44433594,2022-02-28,2022-03-04
94,Valladolid,ESP,2,1613.42407227,2022-02-28,2022-03-04
95,Bochum,GER,1,1607.89697266,2022-02-28,2022-03-04
96,Brugge,BEL,1,1606.66357422,2022-02-28,2022-03-04
97,Mallorca,ESP,1,1606.32250977,2022-02-28,2022-03-02
98,Almeria,ESP,2,1604.74511719,2022-02-28,2022-03-02
99,FC Kobenhavn,DEN,1,1603.22375488,2022-02-28,2022-03-02
100,Trabzonspor,TUR,1,1602.07226562,2022-02-28,2022-03-02
None,Augsburg,GER,1,1598.6451416,2022-02-28,2022-03-02
None,Levante,ESP,1,1597.58764648,2022-02-26,2022-03-07
None,Celtic,SCO,1,1594.53723145,2022-02-28,2022-03-02
None,Sheffield United,ENG,2,1594.18530273,2022-02-27,2022-03-04
None,Alaves,ESP,1,1593.92382812,2022-02-27,2022-03-04
None,Torino,ITA,1,1593.82299805,2022-02-28,2022-03-06
None,Stuttgart,GER,1,1591.64758301,2022-02-26,2022-03-05
None,Brest,FRA,1,1590.23413086,2022-02-28,2022-03-05
None,Werder,GER,2,1589.35620117,2022-02-28,2022-03-06
None,Partizan,SRB,1,1588.5526123,2022-02-28,2022-03-03
None,Sampdoria,ITA,1,1587.17468262,2022-03-01,2022-03-05
None,Udinese,ITA,1,1587.08959961,2022-02-26,2022-03-05
None,Utrecht,NED,1,1586.78881836,2022-02-28,2022-03-05
None,Vitesse,NED,1,1584.62438965,2022-02-28,2022-03-04
None,Hertha,GER,1,1584.05554199,2022-02-27,2022-03-05
None,Cadiz,ESP,1,1582.25866699,2022-03-01,2022-03-06
None,Bologna,ITA,1,1576.28759766,2022-02-27,2022-03-06
None,Girona,ESP,2,1574.3729248,2022-02-28,2022-03-06
None,Toulouse,FRA,2,1573.08776855,2022-03-01,2022-03-07
None,Hamburg,GER,2,1567.78991699,2022-02-28,2022-03-05
None,Tenerife,ESP,2,1567.5703125,2022-02-27,2022-03-05
None,Basel,SUI,1,1566.99389648,2022-02-28,2022-03-03
None,Molde,NOR,1,1564.24255371,2022-02-25,2022-03-10
None,Cagliari,ITA,1,1562.53295898,2022-02-28,2022-03-05
None,Clermont,FRA,1,1560.23291016,2022-02-28,2022-03-06
None,Midtjylland,DEN,1,1559.37695312,2022-02-28,2022-03-04
None,Gent,BEL,1,1556.83288574,2022-02-28,2022-03-06
None,Saint-Etienne,FRA,1,1555.50976562,2022-02-27,2022-03-06
None,Sparta Praha,CZE,1,1555.35778809,2022-02-28,2022-03-06
None,Sturm Graz,AUT,1,1554.61950684,2022-02-28,2022-03-06
None,LASK,AUT,1,1554.29272461,2022-02-25,2022-03-02
None,Zuerich,SUI,1,1553.30688477,2022-02-28,2022-03-02
None,Dynamo Moskva,RUS,1,1552.93139648,2022-02-27,2022-03-06
None,Viktoria Plzen,CZE,1,1552.65991211,2022-02-27,2022-03-05
None,Leganes,ESP,2,1552.14990234,2022-02-28,2022-03-06
None,Huesca,ESP,2,1551.94250488,2022-02-27,2022-03-05
None,Angers,FRA,1,1551.28747559,2022-02-28,2022-03-06
None,Osijek,CRO,1,1550.18994141,2022-02-28,2022-03-04
None,Blackburn,ENG,2,1549.73999023,2022-02-27,2022-03-05
None,Forest,ENG,2,1548.85131836,2022-02-27,2022-03-04
None,Metz,FRA,1,1548.10461426,2022-02-28,2022-03-06
None,Twente,NED,1,1547.80725098,2022-02-26,2022-03-06
None,Anderlecht,BEL,1,1547.53735352,2022-02-27,2022-03-06
None,Darmstadt,GER,2,1546.43493652,2022-02-27,2022-03-04
None,Rapid Wien,AUT,1,1546.14709473,2022-02-28,2022-03-06
None,Malmoe,SWE,1,1545.53051758,2021-12-09,2022-04-03
None,Huddersfield,ENG,2,1545.16491699,2022-02-27,2022-03-04
None,Empoli,ITA,1,1543.91906738,2022-02-27,2022-03-06
None,Schalke,GER,2,1541.39770508,2022-02-27,2022-03-05
None,Luton,ENG,2,1541.36560059,2022-02-27,2022-03-05
None,Lorient,FRA,1,1541.2130127,2022-02-28,2022-03-04
None,Bordeaux,FRA,1,1540.43139648,2022-02-28,2022-03-06
None,QPR,ENG,2,1539.30053711,2022-02-27,2022-03-05
None,Gil Vicente,POR,1,1538.47888184,2022-02-28,2022-03-04
None,PAOK,GRE,1,1536.22802734,2022-02-28,2022-03-02
None,CSKA Moskva,RUS,1,1533.58972168,2022-02-27,2022-03-05
None,St Gillis,BEL,1,1532.55554199,2022-02-27,2022-03-05
None,Sochi,RUS,1,1532.40380859,2022-02-27,2022-03-07
None,Middlesbrough,ENG,2,1531.23156738,2022-02-27,2022-03-05
None,Antwerp,BEL,1,1530.11853027,2022-02-28,2022-03-06
None,Millwall,ENG,2,1529.82299805,2022-02-27,2022-03-05
None,Brondby,DEN,1,1528.90686035,2022-03-01,2022-03-06
None,Paris FC,FRA,2,1528.59289551,2022-02-27,2022-03-05
None,Genoa,ITA,1,1528.06872559,2022-02-26,2022-03-06
None,Maccabi Haifa,ISR,1,1526.71655273,2022-02-27,2022-03-05
None,Oviedo,ESP,2,1523.53027344,2022-02-27,2022-03-06
None,Troyes,FRA,1,1522.58691406,2022-02-28,2022-03-06
None,Genk,BEL,1,1521.22436523,2022-02-28,2022-03-05
None,Ponferradina,ESP,2,1520.91833496,2022-02-28,2022-03-06
None,Spezia,ITA,1,1520.31311035,2022-02-28,2022-03-06
None,FC Krasnodar,RUS,1,1519.19836426,2022-02-25,2022-03-07
None,Zorya,UKR,1,1519.19396973,2021-12-13,2022-07-20
None,Lecce,ITA,2,1518.72473145,2022-02-28,2022-03-02
None,West Brom,ENG,2,1517.38183594,2022-03-01,2022-03-05
None,Fenerbahce,TUR,1,1516.13098145,2022-03-01,2022-03-06
None,Lok Moskva,RUS,1,1515.23583984,2022-02-25,2022-03-06
None,Rijeka,CRO,1,1514.47705078,2022-02-27,2022-03-05
None,Preston,ENG,2,1514.19628906,2022-02-27,2022-03-05
None,Fuerth,GER,1,1513.24511719,2022-02-27,2022-03-05
None,M Tel Aviv,ISR,1,1510.84606934,2022-03-01,2022-03-07
None,Swansea,ENG,2,1509.17126465,2022-03-01,2022-03-05
None,Benevento,ITA,2,1507.95214844,2022-02-27,2022-03-01
None,CFR Cluj,ROM,1,1507.79614258,2022-02-27,2022-03-02
None,Spartak Moskva,RUS,1,1506.23718262,2022-02-27,2022-03-06
None,Wolfsberg,AUT,1,1503.87414551,2022-02-28,2022-03-06
None,Austria Wien,AUT,1,1503.19567871,2022-02-28,2022-03-06
None,Coventry,ENG,2,1503.1496582,2022-02-27,2022-03-05
None,Stoke,ENG,2,1501.6072998,2022-02-27,2022-03-05
None,Groningen,NED,1,1501.47753906,2022-02-27,2022-03-05
None,Besiktas,TUR,1,1498.93347168,2022-02-27,2022-03-07
None,St Pauli,GER,2,1498.54101562,2022-02-27,2022-03-05
None,Hajduk,CRO,1,1497.18127441,2022-02-27,2022-03-06
None,Galatasaray,TUR,1,1496.36828613,2022-02-28,2022-03-05
None,Ibiza Eivissa,ESP,2,1496.27197266,2022-02-27,2022-03-06
None,Las Palmas,ESP,2,1496.20129395,2022-02-27,2022-03-05
None,Lugo,ESP,2,1492.87878418,2022-02-27,2022-03-06
None,Auxerre,FRA,2,1491.48596191,2022-02-27,2022-03-05
None,Zaragoza,ESP,2,1491.36987305,2022-02-28,2022-03-04
None,Gijon,ESP,2,1490.27612305,2022-02-28,2022-03-07
None,Sheriff Tiraspol,MOL,0,1490.23474121,2022-02-25,2022-07-06
None,Cremonese,ITA,2,1490.23181152,2022-02-27,2022-03-01
None,Paderborn,GER,2,1489.93481445,2022-02-26,2022-03-04
None,Burgos,ESP,2,1489.77990723,2022-02-28,2022-03-05
None,Venezia,ITA,1,1489.13061523,2022-02-28,2022-03-06
None,Heidenheim,GER,2,1486.51464844,2022-02-28,2022-03-04
None,Brescia,ITA,2,1486.2052002,2022-02-27,2022-03-01
None,Bueyueksehir,TUR,1,1484.74328613,2022-02-27,2022-03-07
None,Cardiff,ENG,2,1483.25878906,2022-02-27,2022-03-01
None,Duesseldorf,GER,2,1482.94677734,2022-02-28,2022-03-06
None,Razgrad,BUL,1,1482.86254883,2022-02-27,2022-03-07
None,Karlsruhe,GER,2,1482.44299316,2022-02-27,2022-03-05
None,Famalicao,POR,1,1480.67541504,2022-02-27,2022-03-06
None,Santa Clara,POR,1,1478.39770508,2022-03-01,2022-03-06
None,Karabakh Agdam,AZE,0,1476.82958984,2022-02-25,2022-07-05
None,Holstein,GER,2,1476.58825684,2022-02-26,2022-03-04
None,Cartagena,ESP,2,1476.10778809,2022-03-01,2022-03-06
None,Heracles,NED,1,1476.10595703,2022-02-27,2022-03-06
None,Blackpool,ENG,2,1475.95837402,2022-02-27,2022-03-05
None,Rosenborg,NOR,1,1475.89428711,2022-02-25,2022-03-10
None,Lech,POL,1,1474.79956055,2022-02-27,2022-03-06
None,Guimaraes,POR,1,1474.73730469,2022-02-28,2022-03-06
None,Viking,NOR,1,1474.66674805,2022-02-25,2022-03-10
None,Monza,ITA,2,1472.88195801,2022-02-28,2022-03-02
None,Slovacko,CZE,1,1470.68029785,2022-02-27,2022-03-06
None,Ajaccio,FRA,2,1469.89770508,2022-02-27,2022-03-05
None,StGallen,SUI,1,1469.41308594,2022-02-28,2022-03-03
None,Nuernberg,GER,2,1469.05407715,2022-02-27,2022-03-05
None,Apollon Lemesos,CYP,0,1468.19567871,2021-12-10,2022-07-19
None,AIK,SWE,1,1467.45788574,2021-12-09,2022-04-02
None,Lugano,SUI,1,1466.62792969,2022-02-27,2022-03-03
None,Derby,ENG,2,1465.3203125,2022-02-27,2022-03-01
None,Ferencvaros,HUN,1,1464.73535156,2022-02-27,2022-03-06
None,Maritimo,POR,1,1464.12536621,2022-02-27,2022-03-06
None,Mechelen,BEL,1,1461.94421387,2022-02-27,2022-03-04
None,Cittadella,ITA,2,1460.10900879,2022-02-28,2022-03-02
None,Pacos Ferreira,POR,1,1460.02258301,2022-02-26,2022-03-06
None,Hannover,GER,2,1458.91479492,2022-02-26,2022-03-05
None,Rakow,POL,1,1458.76782227,2022-02-26,2022-03-06
None,Boavista,POR,1,1457.81335449,2022-02-28,2022-03-05
None,Terek Grozny,RUS,1,1457.44348145,2022-02-28,2022-03-07
None,Alanyaspor,TUR,1,1457.10925293,2022-02-28,2022-03-07
None,Charleroi,BEL,1,1456.63513184,2022-02-26,2022-03-06
None,Banik Ostrava,CZE,1,1456.17810059,2022-02-27,2022-03-05
None,Konyaspor,TUR,1,1456.1739502,2022-02-28,2022-03-05
None,Nimes,FRA,2,1455.73083496,2022-02-27,2022-03-05
None,AEK,GRE,1,1453.15356445,2022-02-28,2022-03-02
None,Fuenlabrada,ESP,2,1452.88952637,2022-02-26,2022-03-05
None,Sochaux,FRA,2,1452.34973145,2022-02-27,2022-03-05
None,Amiens,FRA,2,1451.92724609,2022-02-27,2022-03-05
None,CSKA Sofia,BUL,1,1450.64538574,2022-02-26,2022-03-06
None,Frosinone,ITA,2,1450.34729004,2022-02-28,2022-03-02
None,Hammarby,SWE,1,1449.93603516,2021-12-09,2022-04-02
None,Portimonense,POR,1,1449.86437988,2022-02-28,2022-03-05
None,Hull,ENG,2,1449.80969238,2022-02-27,2022-03-05
None,Pogon,POL,1,1449.62402344,2022-02-27,2022-03-04
None,Mirandes,ESP,2,1449.56860352,2022-02-27,2022-03-06
None,Salernitana,ITA,1,1449.41918945,2022-02-27,2022-03-04
None,Aalborg,DEN,1,1446.48840332,2022-02-28,2022-03-06
None,Sivasspor,TUR,1,1445.28100586,2022-02-27,2022-03-06
None,Steaua,ROM,1,1445.1151123,2022-02-28,2022-03-03
None,Pisa,ITA,2,1445.02478027,2022-02-28,2022-03-02
None,Moreirense,POR,1,1444.99108887,2022-02-27,2022-03-06
None,Klagenfurt,AUT,1,1444.53430176,2022-02-28,2022-03-06
None,Rubin Kazan,RUS,1,1444.24963379,2022-03-01,2022-03-07
None,Djurgarden,SWE,1,1442.81152344,2021-12-09,2022-04-04
None,Parma,ITA,2,1442.1730957,2022-02-27,2022-03-02
None,Aarhus,DEN,1,1440.45141602,2022-02-26,2022-03-07
None,Dnipro,UKR,1,1439.2557373,2021-12-11,2022-07-20
None,Amorebieta,ESP,2,1438.80627441,2022-02-28,2022-03-06
None,Beer-Sheva,ISR,1,1437.78808594,2022-02-27,2022-03-06
None,Elfsborg,SWE,1,1437.0189209,2021-12-09,2022-04-04
None,Randers,DEN,1,1436.76721191,2022-02-28,2022-03-04
None,Adana Demirspor,TUR,1,1436.75158691,2022-02-26,2022-03-04
None,Sparta Rotterdam,NED,1,1436.26806641,2022-02-28,2022-03-04
None,Heerenveen,NED,1,1434.53125,2022-02-28,2022-03-05
None,Panathinaikos,GRE,1,1433.8873291,2022-02-28,2022-03-06
None,Birmingham,ENG,2,1432.5065918,2022-02-27,2022-03-05
None,Leuven,BEL,1,1432.28405762,2022-02-27,2022-03-06
None,Valerenga,NOR,1,1431.6706543,2022-02-25,2022-03-10
None,Barnsley,ENG,2,1431.60864258,2022-02-27,2022-03-05
None,Reading,ENG,2,1431.56347656,2022-02-27,2022-03-05
None,Regensburg,GER,2,1430.71520996,2022-02-28,2022-03-06
None,Le Havre,FRA,2,1430.03466797,2022-02-27,2022-03-05
None,Hartberg,AUT,1,1429.90649414,2022-02-28,2022-03-06
None,Malaga,ESP,2,1429.57116699,2022-03-01,2022-03-06
None,Guingamp,FRA,2,1428.47119141,2022-02-27,2022-03-05
None,Sociedad B,ESP,2,1428.44458008,2022-02-27,2022-03-07
None,Sion,SUI,1,1427.5970459,2022-02-27,2022-03-02
None,Servette,SUI,1,1426.60144043,2022-02-27,2022-03-01
None,Rostov,RUS,1,1426.34411621,2022-02-25,2022-03-07
None,Cambuur,NED,1,1426.06665039,2022-02-27,2022-03-06
None,Nijmegen,NED,1,1423.68139648,2022-02-28,2022-03-06
None,Grasshoppers,SUI,1,1423.47900391,2022-02-28,2022-03-03
None,Ascoli,ITA,2,1423.17297363,2022-02-28,2022-03-02
None,Cercle Brugge,BEL,1,1423.00170898,2022-02-27,2022-03-05
None,Kryliya Sovetov,RUS,1,1420.91772461,2022-02-25,2022-03-06
None,Perugia,ITA,2,1420.10913086,2022-02-27,2022-03-01
None,St Truiden,BEL,1,1418.9407959,2022-02-27,2022-03-04
None,Wattens,AUT,1,1418.92077637,2022-02-28,2022-03-06
None,Sverdlovsk,RUS,1,1418.68286133,2022-02-27,2022-03-07
None,Bristol City,ENG,2,1418.6652832,2022-02-27,2022-03-05
None,Hatayspor,TUR,1,1416.62915039,2022-02-28,2022-03-07
None,AEL Limassol,CYP,0,1415.82263184,2021-12-10,2022-07-01
None,Anorthosis,CYP,0,1415.42382812,2021-12-10,2022-07-01
None,Omonia,CYP,0,1415.42321777,2021-12-10,2022-07-19
None,Ried,AUT,1,1413.73913574,2022-02-28,2022-03-06
None,Sittard,NED,1,1412.72021484,2022-02-27,2022-03-06
None,Dijon,FRA,2,1412.60766602,2022-02-27,2022-03-05
None,Silkeborg,DEN,1,1411.98925781,2022-02-28,2022-03-06
None,Estoril,POR,1,1411.98193359,2022-02-28,2022-03-04
None,Sandhausen,GER,2,1409.72961426,2022-02-28,2022-03-05
None,Zwolle,NED,1,1407.20336914,2022-02-27,2022-03-06
None,Aris,GRE,1,1406.92675781,2022-02-27,2022-03-06
None,Luzern,SUI,1,1405.36291504,2022-02-28,2022-03-02
None,FK Astana,KAZ,0,1405.34277344,2021-12-10,2022-07-06
None,Pau,FRA,2,1405.09521484,2022-02-27,2022-03-05
None,Fatih Karaguemruek,TUR,1,1404.7322998,2022-02-27,2022-03-06
None,Gaziantep FK,TUR,1,1403.08898926,2022-02-28,2022-03-07
None,Kortrijk,BEL,1,1402.90429688,2022-02-28,2022-03-05
None,Caen,FRA,2,1401.86096191,2022-02-27,2022-03-05
None,Vorskla,UKR,1,1401.09924316,2021-12-12,2022-07-20
None,Willem II,NED,1,1398.92285156,2022-02-27,2022-03-05
None,Kayseri,TUR,1,1398.0690918,2022-02-26,2022-03-07
None,Rostock,GER,2,1397.578125,2022-02-27,2022-03-05
None,Lillestrom,NOR,1,1397.28881836,2022-02-25,2022-03-10
None,Go Ahead Eagles,NED,1,1394.84338379,2022-02-28,2022-03-05
None,Standard,BEL,1,1394.39013672,2022-02-28,2022-03-02
None,Waalwijk,NED,1,1393.76696777,2022-02-26,2022-03-06
None,Vizela,POR,1,1393.44482422,2022-02-28,2022-03-06
None,Norrkoeping,SWE,1,1392.92419434,2021-12-09,2022-04-03
None,Kasimpasa,TUR,1,1392.86096191,2022-03-01,2022-03-05
None,Odense,DEN,1,1391.03979492,2022-02-28,2022-03-06
None,Lechia,POL,1,1390.40942383,2022-02-28,2022-03-05
None,Jablonec,CZE,1,1389.19519043,2022-02-27,2022-03-06
None,Como,ITA,2,1389.1151123,2022-02-27,2022-03-01
None,Zilina,SLK,0,1387.72717285,2021-12-10,2022-07-01
None,Legia,POL,1,1387.72485352,2022-02-26,2022-03-07
None,Slovan Bratislava,SLK,0,1386.82275391,2021-12-10,2022-07-06
None,Kolos,UKR,1,1386.45605469,2021-12-13,2022-07-20
None,Dresden,GER,2,1386.36901855,2022-02-27,2022-03-06
None,Ufa,RUS,1,1385.75354004,2022-02-28,2022-03-07
None,Piast Gliwice,POL,1,1385.17797852,2022-02-27,2022-03-05
None,Kristiansund,NOR,1,1384.73852539,2022-02-25,2022-03-10
None,Desna,UKR,1,1383.55114746,2021-12-11,2022-07-01
None,Olexandriya,UKR,1,1383.296875,2021-12-12,2022-07-20
None,Craiova,ROM,1,1383.02404785,2022-02-26,2022-03-02
None,Belenenses,POR,1,1382.93273926,2022-02-26,2022-03-07
None,Valenciennes,FRA,2,1382.17358398,2022-02-27,2022-03-05
None,Trnava,SLK,0,1382.03161621,2021-12-10,2022-07-06
None,Slovan Liberec,CZE,1,1380.8548584,2022-02-27,2022-03-05
None,Tondela,POR,1,1379.98303223,2022-02-27,2022-03-07
None,Grenoble,FRA,2,1378.49182129,2022-03-01,2022-03-05
None,Niort,FRA,2,1378.27172852,2022-02-27,2022-03-05
None,Spal,ITA,2,1378.10986328,2022-02-27,2022-03-02
None,Rodez,FRA,2,1377.66662598,2022-02-27,2022-03-05
None,Bastia,FRA,2,1377.48950195,2022-02-27,2022-03-05
None,Nordsjaelland,DEN,1,1376.31689453,2022-02-28,2022-03-07
None,Arouca,POR,1,1375.57617188,2022-02-27,2022-03-05
None,FC Khimki,RUS,1,1374.51623535,2022-02-27,2022-03-06
None,Dunajska,SLK,0,1373.97509766,2021-12-10,2022-07-06
None,Reggina,ITA,2,1373.87414551,2022-02-28,2022-03-02
None,Asteras Tripolis,GRE,1,1373.67687988,2022-02-27,2022-03-02
None,Alcorcon,ESP,2,1373.29138184,2022-02-28,2022-03-06
None,Mjaellby,SWE,1,1372.98596191,2021-12-09,2022-04-04
None,Antalyaspor,TUR,1,1372.15881348,2022-02-26,2022-03-06
None,Cukaricki,SRB,1,1371.72570801,2022-02-26,2022-03-02
None,Nizhny Novgorod,RUS,1,1371.6204834,2022-02-27,2022-03-05
None,Admira,AUT,1,1371.26501465,2022-02-27,2022-03-06
None,Oostende,BEL,1,1370.7722168,2022-02-27,2022-03-06
None,Goeteborg,SWE,1,1369.44104004,2021-12-09,2022-04-03
None,Sarpsborg,NOR,1,1364.43481445,2022-02-25,2022-03-10
None,Ternana,ITA,2,1362.29431152,2022-02-27,2022-03-01
None,Ingolstadt,GER,2,1362.13964844,2022-02-27,2022-03-06
None,Tula,RUS,1,1362.02770996,2022-02-27,2022-03-06
None,Mlada Boleslav,CZE,1,1359.77697754,2022-02-27,2022-03-06
None,HNK Gorica,CRO,1,1359.16650391,2022-02-27,2022-03-06
None,Zulte Waregem,BEL,1,1358.62353516,2022-02-28,2022-03-06
None,Haecken,SWE,1,1358.09729004,2021-12-09,2022-04-02
None,Dunkerque,FRA,2,1356.94262695,2022-02-27,2022-03-07
None,Aue,GER,2,1356.71105957,2022-02-26,2022-03-06
None,Haugesund,NOR,1,1356.47363281,2022-02-25,2022-03-10
None,Stromsgodset,NOR,1,1353.29943848,2022-02-25,2022-03-10
None,Lok Zagreb,CRO,1,1352.42492676,2022-02-27,2022-03-04
None,Gornik,POL,1,1352.04797363,2022-02-27,2022-03-06
None,Netanya,ISR,1,1349.95996094,2022-02-27,2022-03-05
None,Soligorsk,BLR,1,1349.35266113,2021-11-29,2022-03-19
None,Crotone,ITA,2,1348.88232422,2022-02-28,2022-03-02
None,Radomiak,POL,1,1348.38708496,2022-02-28,2022-03-04
None,Viborg,DEN,1,1348.28503418,2022-02-28,2022-03-04
None,Eupen,BEL,1,1347.78112793,2022-02-27,2022-03-06
None,Sigma Olomouc,CZE,1,1347.34753418,2022-02-28,2022-03-05
None,Hibernian,SCO,1,1347.13562012,2022-02-28,2022-03-02
None,Nancy,FRA,2,1346.51599121,2022-02-27,2022-03-05
None,Goeztepe,TUR,1,1345.71801758,2022-02-28,2022-03-05
None,US Quevilly,FRA,2,1343.68322754,2022-02-27,2022-03-05
None,Peterboro,ENG,2,1343.4197998,2022-02-27,2022-03-04
None,Cracovia,POL,1,1342.96411133,2022-03-01,2022-03-06
None,Odd Grenland,NOR,1,1341.85351562,2022-02-25,2022-03-10
None,Viitorul,ROM,1,1339.87451172,2022-02-28,2022-03-03
None,Giresunspor,TUR,1,1339.66748047,2022-02-28,2022-03-05
None,Kalmar,SWE,1,1338.9642334,2021-12-09,2022-04-03
None,Vaduz,LIE,0,1338.47131348,2021-12-10,2022-03-10
None,Maribor,SVN,1,1334.55712891,2022-02-27,2022-03-03
None,Slaven Belupo,CRO,1,1332.46948242,2022-02-26,2022-03-05
None,Tromso,NOR,1,1331.89208984,2022-02-25,2022-03-10
None,BATE,BLR,1,1331.1574707,2021-11-29,2022-03-20
None,Aberdeen,SCO,1,1331.10217285,2022-02-27,2022-03-02
None,Vicenza,ITA,2,1330.67712402,2022-02-27,2022-03-02
None,Lok Plovdiv,BUL,1,1330.23425293,2022-02-26,2022-03-05
None,Kisvarda,HUN,1,1327.23144531,2022-02-27,2022-03-06
None,Hearts,SCO,1,1326.72802734,2022-02-27,2022-03-02
None,Alessandria,ITA,2,1325.89538574,2022-02-27,2022-03-01
None,Botosani,ROM,1,1324.97216797,2022-02-28,2022-03-03
None,Ceske Budejovice,CZE,1,1324.28649902,2022-02-28,2022-03-05
None,Paksi,HUN,1,1324.07885742,2022-02-26,2022-03-05
None,Altach,AUT,1,1322.48925781,2022-02-27,2022-03-05
None,Livingston,SCO,1,1321.89331055,2022-02-27,2022-03-02
None,Sepsi,ROM,1,1321.79162598,2022-02-27,2022-03-01
None,Cherno More,BUL,1,1320.09765625,2022-02-28,2022-03-05
None,Sandefjord,NOR,1,1319.90625,2022-02-25,2022-03-10
None,Lausanne,SUI,1,1319.70922852,2022-02-28,2022-03-02
None,Rizespor,TUR,1,1319.49267578,2022-02-28,2022-03-05
None,Varbergs,SWE,1,1318.59838867,2021-12-09,2022-04-03
None,Bohemians Praha,CZE,1,1317.58178711,2022-02-27,2022-03-05
None,Jagiellonia,POL,1,1316.7713623,2022-02-28,2022-03-04
None,Giannina,GRE,1,1316.74584961,2022-03-01,2022-03-06
None,Slask,POL,1,1316.16333008,2022-02-28,2022-03-07
None,Rukh Lviv,UKR,1,1315.58312988,2021-12-12,2022-07-20
None,OFI,GRE,1,1315.39111328,2022-02-28,2022-03-06
None,Hapoel Eran Hadera,ISR,1,1314.72814941,2022-02-27,2022-03-05
None,Cosenza,ITA,2,1314.15441895,2022-02-27,2022-03-02
None,Puskas Akademia,HUN,1,1313.85058594,2022-02-27,2022-03-05
None,Plock,POL,1,1313.72912598,2022-02-26,2022-03-06
None,H Tel Aviv,ISR,1,1312.12866211,2022-02-27,2022-03-05
None,Novi Sad,SRB,1,1311.96655273,2022-02-27,2022-03-02
None,Veres,UKR,1,1310.21911621,2021-12-12,2022-07-20
None,Warta,POL,1,1307.50537109,2022-02-28,2022-03-05
None,IK Sirius,SWE,1,1307.43554688,2021-12-09,2022-04-03
None,Altay,TUR,1,1306.33508301,2022-02-28,2022-03-06
None,Kairat,KAZ,0,1305.7355957,2021-12-10,2022-07-06
None,Videoton,HUN,1,1304.00231934,2022-02-26,2022-03-06
None,Beerschot AC,BEL,1,1303.85144043,2022-02-26,2022-03-02
None,Domzale,SVN,1,1303.20263672,2022-02-27,2022-03-01
None,Kuopio,FIN,0,1303.0411377,2021-12-10,2022-07-06
None,NFC Volos,GRE,1,1301.75805664,2022-02-27,2022-03-03
None,Levski,BUL,1,1301.046875,2022-02-27,2022-03-06
None,Mura,SVN,1,1299.04638672,2022-02-28,2022-03-02
None,Motherwell,SCO,1,1298.92944336,2022-02-28,2022-03-02
None,Pardubice,CZE,1,1298.16967773,2022-02-27,2022-03-05
None,Stal Mielec,POL,1,1297.92333984,2022-02-27,2022-03-04
None,Vejle,DEN,1,1296.6348877,2022-02-26,2022-03-06
None,Dinamo Minsk,BLR,1,1295.80639648,2021-11-29,2022-03-18
None,Malatyaspor,TUR,1,1293.36096191,2022-02-28,2022-03-04
None,Voluntari,ROM,1,1292.76379395,2022-02-28,2022-03-02
None,St Mirren,SCO,1,1292.44726562,2022-02-27,2022-03-02
None,Lubin,POL,1,1292.22753906,2022-02-28,2022-03-05
None,Hapoel Haifa,ISR,1,1291.10461426,2022-02-27,2022-03-06
None,Seraing,BEL,1,1290.296875,2022-02-28,2022-03-05
None,Kiryat Shmona,ISR,1,1289.25915527,2022-02-28,2022-03-05
None,Olimpija Ljubljana,SVN,1,1289.20007324,2022-02-28,2022-03-03
None,Neftchi,AZE,0,1287.68078613,2022-02-25,2022-07-05
None,Arges Pitesti,ROM,1,1286.66784668,2022-02-28,2022-03-03
None,SonderjyskE,DEN,1,1285.27734375,2022-03-01,2022-03-06
None,Ionikos,GRE,1,1283.9284668,2022-02-28,2022-03-06
None,Hradec Kralove,CZE,1,1283.28796387,2022-02-28,2022-03-06
None,Ashdod,ISR,1,1282.25708008,2022-02-27,2022-03-06
None,Pordenone,ITA,2,1281.85229492,2022-02-27,2022-03-01
None,Sfintul Gheorghe,MOL,0,1281.65319824,2022-02-25,2022-07-06
None,Bnei Sakhinin,ISR,1,1279.66687012,2022-02-28,2022-03-05
None,Atromitos,GRE,1,1279.65185547,2022-03-01,2022-03-03
None,Nis,SRB,1,1279.53076172,2022-02-26,2022-03-02
None,Dundee United,SCO,1,1279.27783203,2022-02-27,2022-03-02
None,Teplice,CZE,1,1278.8190918,2022-02-28,2022-03-06
None,Ross County,SCO,1,1278.51257324,2022-02-27,2022-03-02
None,Inhulets,UKR,1,1276.40209961,2021-12-11,2022-07-20
None,Inter Baku,AZE,0,1275.86499023,2022-02-25,2022-07-01
None,Sibenik,CRO,1,1273.34765625,2022-02-28,2022-03-05
None,Tescoma Zlin,CZE,1,1269.89257812,2022-02-28,2022-03-05
None,Zalaegerszegi,HUN,1,1268.23779297,2022-02-27,2022-03-06
None,Wisla,POL,1,1267.35876465,2022-02-26,2022-03-05
None,Degerfors,SWE,1,1265.87194824,2021-12-09,2022-04-04
None,UTA Arad,ROM,1,1263.97387695,2022-02-26,2022-03-01
None,Panetolikos,GRE,1,1263.87231445,2022-02-27,2022-03-06
None,Tobol,KAZ,0,1263.00769043,2021-12-10,2022-07-06
None,Beroe Stara Zagora,BUL,1,1262.91064453,2022-02-27,2022-03-07
None,FC Lviv,UKR,1,1262.8651123,2021-12-12,2022-07-20
None,Gornik Leczna,POL,1,1262.09228516,2022-02-27,2022-03-06
None,HJK Helsinki,FIN,0,1260.65466309,2021-12-10,2022-07-06
None,Sumqayit,AZE,0,1259.95373535,2022-02-25,2022-07-01
None,Backa Topola,SRB,1,1259.16601562,2022-02-27,2022-03-02
None,Karagandy,KAZ,0,1258.35229492,2021-12-10,2022-07-01
None,Metalist 1925,UKR,1,1258.16174316,2021-12-13,2022-07-20
None,Botev Plovdiv,BUL,1,1256.52050781,2022-02-27,2022-03-05
None,Ujpest,HUN,1,1256.4152832,2022-02-28,2022-03-05
None,St Johnstone,SCO,1,1252.15270996,2022-02-27,2022-03-02
None,Ilichivets,UKR,1,1251.86083984,2022-02-28,2022-07-01
None,Beitar,ISR,1,1251.68041992,2022-02-28,2022-03-07
None,Slavia Sofia,BUL,1,1251.29321289,2022-02-27,2022-03-07
None,Chernomorets,UKR,1,1249.03710938,2022-02-28,2022-07-20
None,Mezokovesd-Zsory,HUN,1,1248.44873047,2022-02-28,2022-03-05
None,Istra 1961,CRO,1,1246.70019531,2022-02-28,2022-03-06
None,Aalesund,NOR,1,1246.57458496,2022-02-25,2022-03-10
None,Ham-Kam,NOR,1,1246.57458496,2022-02-25,2022-03-10
None,Jerv,NOR,1,1246.57458496,2022-02-25,2022-03-10
None,Honved,HUN,1,1244.62231445,2022-02-27,2022-03-05
None,Petrocub,MOL,0,1244.13024902,2022-02-25,2022-07-06
None,Milsami Orhei,MOL,0,1243.42993164,2022-02-25,2022-07-06
None,Mladost Lucani,SRB,1,1242.84399414,2022-02-26,2022-03-03
None,Koper,SVN,1,1242.35510254,2022-02-28,2022-03-03
None,Karvina,CZE,1,1241.8059082,2022-02-28,2022-03-06
None,M Petach Tikva,ISR,1,1240.25610352,2022-02-27,2022-03-06
None,Bravo,SVN,1,1239.9732666,2022-02-27,2022-03-03
None,Rapid Bucuresti,ROM,1,1239.88000488,2022-02-27,2022-03-01
None,Nieciecza,POL,1,1239.87792969,2022-03-01,2022-03-05
None,Suduva,LIT,0,1239.79992676,2021-08-27,2022-07-05
None,Chindia Targoviste,ROM,1,1239.78259277,2022-02-26,2022-03-01
None,Laci,ALB,0,1239.20654297,2021-08-13,2022-07-06
None,Krusevac,SRB,1,1237.73510742,2022-02-27,2022-03-02
None,Partizani Tirana,ALB,0,1232.15234375,2021-08-13,2022-07-06
None,Debrecen,HUN,1,1232.08447266,2022-02-28,2022-03-05
None,Varnamo,SWE,1,1231.91906738,2022-01-01,2022-04-03
None,Sundsvall,SWE,1,1231.91906738,2022-01-01,2022-04-03
None,Helsingborg,SWE,1,1231.91906738,2022-01-01,2022-04-02
None,Lamia,GRE,1,1231.35571289,2022-03-01,2022-03-06
None,Velez Mostar,BHZ,0,1231.09460449,2021-08-13,2022-07-06
None,Seinajoki,FIN,0,1230.27893066,2022-01-01,2022-07-06
None,Vozdovac Beograd,SRB,1,1230.13085938,2022-02-26,2022-03-03
None,CSKA 1948 Sofia,BUL,1,1226.58703613,2022-02-27,2022-03-04
None,Dundalk,IRL,0,1223.44714355,2021-08-27,2022-07-01
None,Vllaznia,ALB,0,1222.15075684,2021-08-13,2022-07-06
None,Batumi,GEO,0,1220.05334473,2021-08-13,2022-07-06
None,RFS,LAT,0,1219.76379395,2021-08-27,2022-07-06
None,Craiova 1948,ROM,1,1219.76257324,2022-02-27,2022-03-01
None,Inter Turku,FIN,0,1219.36877441,2021-12-10,2022-07-06
None,Radnik Surdulica,SRB,1,1219.22729492,2022-02-27,2022-03-02
None,FK Sarajevo,BHZ,0,1218.72143555,2021-08-13,2022-07-01
None,Siroki Brijeg,BHZ,0,1218.50744629,2021-08-13,2022-07-01
None,Arda,BUL,1,1218.20166016,2022-03-01,2022-03-07
None,Bohemians Dublin,IRL,0,1217.89111328,2021-08-27,2022-07-01
None,Mynai,UKR,1,1215.36999512,2021-12-13,2022-07-20
None,FK Riga,LAT,0,1212.8104248,2021-08-27,2022-07-06
None,Gomel,BLR,1,1207.81994629,2021-11-29,2022-03-20
None,Hapoel Jerusalem,ISR,1,1206.71411133,2022-02-28,2022-03-05
None,Dinamo Brest,BLR,1,1206.51330566,2021-11-29,2022-03-19
None,Gyirmot,HUN,1,1203.19018555,2022-02-27,2022-03-04
None,Liepajas,LAT,0,1201.36291504,2021-08-27,2022-07-06
None,Celje,SVN,1,1201.1862793,2022-02-26,2022-03-02
None,Dundee,SCO,1,1197.79406738,2022-02-27,2022-03-02
None,Zlatibor,SRB,1,1196.2434082,2022-02-26,2022-03-01
None,Mioveni,ROM,1,1193.93859863,2022-02-28,2022-03-02
None,Gaz Metan,ROM,1,1193.43395996,2022-02-27,2022-03-02
None,Borac Banja Luka,BHZ,0,1192.84912109,2021-08-13,2022-07-06
None,Dila Gori,GEO,0,1191.40490723,2021-08-13,2022-07-06
None,Tabor Sezana,SVN,1,1187.18334961,2022-02-27,2022-03-02
None,Zalgiris Vilnius,LIT,0,1185.0645752,2021-08-27,2022-07-05
None,Breidablik,ISL,0,1185.04272461,2021-08-13,2022-06-21
None,Shkendija,MAC,0,1184.41125488,2021-07-30,2022-07-05
None,Gagra,GEO,0,1183.08032227,2021-08-13,2022-07-01
None,Proleter Novi Sad,SRB,1,1182.9041748,2022-02-26,2022-03-01
None,Teuta Durres,ALB,0,1182.85375977,2021-08-13,2022-07-01
None,MTK,HUN,1,1180.75439453,2022-02-28,2022-03-04
None,Dragovoljac,CRO,1,1177.35668945,2022-02-26,2022-03-06
None,Dinamo Tbilisi,GEO,0,1177.00195312,2021-08-13,2022-07-06
None,Valmieras,LAT,0,1175.86376953,2021-08-27,2022-07-06
None,Shamrock,IRL,0,1174.80517578,2021-08-27,2022-07-05
None,Apollon Athens,GRE,1,1171.43640137,2022-03-01,2022-03-06
None,Sligo,IRL,0,1170.72949219,2021-08-27,2022-07-05
None,Flora Tallinn,EST,0,1167.76623535,2021-12-10,2022-06-21
None,Hafnarfjoerdur,ISL,0,1166.88513184,2021-08-13,2022-06-21
None,Hapoel Nof Hagalil,ISR,1,1165.96069336,2022-03-01,2022-03-05
None,Radomlje,SVN,1,1164.32629395,2022-02-28,2022-03-02
None,Metalac Gornji Milanovac,SRB,1,1164.27978516,2022-02-27,2022-03-02
None,Aluminij,SVN,1,1162.63549805,2022-02-26,2022-03-01
None,Novi Pazar,SRB,1,1161.14440918,2022-02-26,2022-03-01
None,Torpedo Zhodino,BLR,1,1159.25097656,2021-11-29,2022-03-19
None,Alashkert,ARM,0,1158.80175781,2021-12-10,2022-07-05
None,Dinamo Bucuresti,ROM,1,1158.69970703,2022-02-27,2022-03-01
None,Valur,ISL,0,1158.03369141,2021-08-13,2022-06-21
None,Botev Vratsa,BUL,1,1153.70495605,2022-02-26,2022-03-07
None,Neman Grodno,BLR,1,1152.29382324,2021-11-29,2022-03-19
None,Isloch,BLR,1,1148.03930664,2021-11-21,2022-03-19
None,Stjarnan,ISL,0,1145.53735352,2021-08-13,2022-06-21
None,Clinceni,ROM,1,1143.76269531,2022-02-26,2022-03-02
None,The New Saints,WAL,0,1141.85864258,2021-08-13,2022-07-05
None,Tsarsko Selo,BUL,1,1141.31872559,2022-02-26,2022-03-04
None,Panevezys,LIT,0,1133.8614502,2021-08-27,2022-07-05
None,Ararat,ARM,0,1131.75366211,2021-12-10,2022-07-05
None,Kolubara Lazarevac,SRB,1,1127.04174805,2022-02-27,2022-03-02
None,Slavia Mozyr,BLR,1,1123.77783203,2021-11-29,2022-03-20
None,Blagoevgrad,BUL,1,1120.23095703,2022-03-01,2022-03-05
None,Fola Esch,LUX,0,1113.68029785,2021-08-27,2022-07-06
None,Drita,KOS,0,1112.17565918,2021-08-13,2022-07-05
None,Kauno Zalgiris,LIT,0,1102.26403809,2021-08-27,2022-07-05
None,Banants,ARM,0,1101.50927734,2021-12-10,2022-07-01
None,Coleraine,NIR,0,1101.34008789,2021-08-13,2022-07-01
None,FK Vitebsk,BLR,1,1099.80529785,2021-11-29,2022-03-19
None,Larne,NIR,0,1099.36157227,2021-08-13,2022-07-05
None,Lok Sofia,BUL,1,1092.16186523,2022-02-28,2022-03-07
None,Noah,ARM,0,1089.6550293,2021-12-10,2022-07-01
None,Swift Hesperange,LUX,0,1089.43969727,2021-08-27,2022-07-01
None,Shkupi,MAC,0,1089.27368164,2021-07-30,2022-07-05
None,Linfield,NIR,0,1088.98083496,2021-08-13,2022-07-05
None,Dudelange,LUX,0,1082.29919434,2021-08-27,2022-07-06
None,Slutsk,BLR,1,1080.81970215,2021-11-21,2022-03-19
None,R Letzebuerg,LUX,0,1078.27404785,2021-08-27,2022-07-06
None,Sileks,MAC,0,1077.8404541,2021-07-30,2022-07-01
None,Glentoran,NIR,0,1077.37548828,2021-08-13,2022-07-01
None,Zvyazda BDU,BLR,1,1069.52209473,2021-11-21,2022-03-19
None,Decic,MAC,0,1066.94396973,2021-07-30,2022-07-05
None,Struga,MAC,0,1066.69921875,2021-07-30,2022-07-01
None,Kragujevac,SRB,1,1066.47497559,2022-02-26,2022-03-01
None,FK Minsk,BLR,1,1063.22546387,2021-11-29,2022-03-18
None,Connahs Quay,WAL,0,1061.92211914,2021-08-13,2022-07-01
None,FC Infonet,EST,0,1057.78137207,2021-12-10,2022-06-21
None,Paide Linnameeskond,EST,0,1057.61657715,2021-12-10,2022-06-21
None,FK Podgorica,MNT,0,1056.77832031,2021-07-30,2022-07-01
None,Prishtine,KOS,0,1038.29650879,2021-08-13,2022-07-01
None,Llapi,KOS,0,1032.45202637,2021-08-13,2022-07-05
None,Klaksvik,FAR,0,1030.97265625,2021-08-13,2022-07-06
None,Bala,WAL,0,1028.73034668,2021-08-13,2022-07-05
None,Sutjeska,MNT,0,1025.63452148,2021-07-30,2022-07-05
None,Newtown AFC,WAL,0,1022.08410645,2021-08-13,2022-07-05
None,Dnepr Mogilev,BLR,1,1020.93566895,2022-01-01,2022-03-20
None,Bobruisk,BLR,1,1020.93566895,2022-01-01,2022-03-20
None,Dzarzhynsk,BLR,1,1020.93566895,2022-01-01,2022-03-20
None,Birkirkara,MLT,0,1020.2520752,2021-08-13,2022-07-01
None,Gzira United,MLT,0,1019.14123535,2021-08-13,2022-07-05
None,Mosta,MLT,0,1018.4107666,2021-08-13,2022-07-01
None,Podgorica,MNT,0,1013.76428223,2021-07-30,2022-07-05
None,Hibernians Paola,MLT,0,1013.29907227,2021-08-13,2022-07-05
None,Lincoln,GIB,0,990.687561035,2021-12-10,2022-07-05
None,HB Torshavn,FAR,0,986.28302002,2021-08-13,2022-07-06
None,Runavik,FAR,0,968.282348633,2021-08-13,2022-07-01
None,College Europa,GIB,0,949.561462402,2021-12-10,2022-07-05
None,St Josephs,GIB,0,923.393493652,2021-12-10,2022-07-05
None,Mons Calpe,GIB,0,860.014404297,2021-12-10,2022-07-01
None,Santa Coloma,AND,0,840.234130859,2021-07-30,2022-06-21
None,Escaldes,AND,0,807.012695312,2021-07-30,2022-06-21
None,Matecosa Sant Julia,AND,0,802.477233887,2021-07-30,2022-06-21
None,Folgore,SMR,0,667.426635742,2021-07-28,2022-06-21
None,Tre Penne,SMR,0,661.297058105,2021-07-28,2022-06-21
None,La Fiorita,SMR,0,647.556396484,2021-07-28,2022-06-21


